Validation_Set,Topics,Alpha,Beta,Coherence
75% Corpus,2,0.01,0.01,0.5422484872183075
75% Corpus,2,0.01,0.31,0.5033772411617659
75% Corpus,2,0.01,0.61,0.4958884218231541
75% Corpus,2,0.01,0.9099999999999999,0.5194147913732738
75% Corpus,2,0.01,symmetric,0.5063821993835346
75% Corpus,2,0.31,0.01,0.5237168442401877
75% Corpus,2,0.31,0.31,0.5566346658751111
75% Corpus,2,0.31,0.61,0.5566346658751111
75% Corpus,2,0.31,0.9099999999999999,0.5589491862582503
75% Corpus,2,0.31,symmetric,0.5566346658751111
75% Corpus,2,0.61,0.01,0.5276881366732694
75% Corpus,2,0.61,0.31,0.5417746379375037
75% Corpus,2,0.61,0.61,0.5493693649817875
75% Corpus,2,0.61,0.9099999999999999,0.5493693649817875
75% Corpus,2,0.61,symmetric,0.5493693649817876
75% Corpus,2,0.9099999999999999,0.01,0.5185412559780813
75% Corpus,2,0.9099999999999999,0.31,0.5307644471954764
75% Corpus,2,0.9099999999999999,0.61,0.5526681852491924
75% Corpus,2,0.9099999999999999,0.9099999999999999,0.5513019681133637
75% Corpus,2,0.9099999999999999,symmetric,0.5487348251290112
75% Corpus,2,symmetric,0.01,0.53164230386966
75% Corpus,2,symmetric,0.31,0.5415448502214271
75% Corpus,2,symmetric,0.61,0.5537805337055633
75% Corpus,2,symmetric,0.9099999999999999,0.5537805337055633
75% Corpus,2,symmetric,symmetric,0.5537805337055633
75% Corpus,2,asymmetric,0.01,0.5828085598013539
75% Corpus,2,asymmetric,0.31,0.5782889227598291
75% Corpus,2,asymmetric,0.61,0.576576773252939
75% Corpus,2,asymmetric,0.9099999999999999,0.5765767732529391
75% Corpus,2,asymmetric,symmetric,0.576576773252939
75% Corpus,3,0.01,0.01,0.5459502642420957
75% Corpus,3,0.01,0.31,0.4927272882445665
75% Corpus,3,0.01,0.61,0.48807890860324893
75% Corpus,3,0.01,0.9099999999999999,0.4953805580808264
75% Corpus,3,0.01,symmetric,0.4927272882445665
75% Corpus,3,0.31,0.01,0.5425555451956737
75% Corpus,3,0.31,0.31,0.5733475089514118
75% Corpus,3,0.31,0.61,0.5614694858230882
75% Corpus,3,0.31,0.9099999999999999,0.5193382096200789
75% Corpus,3,0.31,symmetric,0.5680193796391916
75% Corpus,3,0.61,0.01,0.4916366389543327
75% Corpus,3,0.61,0.31,0.5763560229770426
75% Corpus,3,0.61,0.61,0.570322618606003
75% Corpus,3,0.61,0.9099999999999999,0.570322618606003
75% Corpus,3,0.61,symmetric,0.5730342701837706
75% Corpus,3,0.9099999999999999,0.01,0.5365132943670797
75% Corpus,3,0.9099999999999999,0.31,0.5568578022948377
75% Corpus,3,0.9099999999999999,0.61,0.573389513675844
75% Corpus,3,0.9099999999999999,0.9099999999999999,0.5679840226071362
75% Corpus,3,0.9099999999999999,symmetric,0.5568578022948378
75% Corpus,3,symmetric,0.01,0.5220688647775432
75% Corpus,3,symmetric,0.31,0.5632459865401506
75% Corpus,3,symmetric,0.61,0.5614694858230882
75% Corpus,3,symmetric,0.9099999999999999,0.5479546947346035
75% Corpus,3,symmetric,symmetric,0.5682057871669892
75% Corpus,3,asymmetric,0.01,0.6094055288418175
75% Corpus,3,asymmetric,0.31,0.6372631657588501
75% Corpus,3,asymmetric,0.61,0.6290542938461744
75% Corpus,3,asymmetric,0.9099999999999999,0.610306961634745
75% Corpus,3,asymmetric,symmetric,0.6307990153989854
75% Corpus,4,0.01,0.01,0.5107456840824329
75% Corpus,4,0.01,0.31,0.5265263713420899
75% Corpus,4,0.01,0.61,0.5476517154039358
75% Corpus,4,0.01,0.9099999999999999,0.4476441027024595
75% Corpus,4,0.01,symmetric,0.5329284135249339
75% Corpus,4,0.31,0.01,0.48749383477429087
75% Corpus,4,0.31,0.31,0.5692980410513109
75% Corpus,4,0.31,0.61,0.5220173311525727
75% Corpus,4,0.31,0.9099999999999999,0.5103225992514282
75% Corpus,4,0.31,symmetric,0.5658824355334722
75% Corpus,4,0.61,0.01,0.4860061049912325
75% Corpus,4,0.61,0.31,0.5563161515142399
75% Corpus,4,0.61,0.61,0.5498499564372867
75% Corpus,4,0.61,0.9099999999999999,0.544771963672348
75% Corpus,4,0.61,symmetric,0.563964488429955
75% Corpus,4,0.9099999999999999,0.01,0.5324470364068974
75% Corpus,4,0.9099999999999999,0.31,0.5648803484461533
75% Corpus,4,0.9099999999999999,0.61,0.5732192877567863
75% Corpus,4,0.9099999999999999,0.9099999999999999,0.5589355495228948
75% Corpus,4,0.9099999999999999,symmetric,0.5667589021028443
75% Corpus,4,symmetric,0.01,0.5026620309032803
75% Corpus,4,symmetric,0.31,0.5492603367614319
75% Corpus,4,symmetric,0.61,0.5094907863065357
75% Corpus,4,symmetric,0.9099999999999999,0.5539338267734418
75% Corpus,4,symmetric,symmetric,0.5587483180504891
75% Corpus,4,asymmetric,0.01,0.5700769176383326
75% Corpus,4,asymmetric,0.31,0.5356253100083493
75% Corpus,4,asymmetric,0.61,0.5799481047954087
75% Corpus,4,asymmetric,0.9099999999999999,0.5530247761136925
75% Corpus,4,asymmetric,symmetric,0.5584594785189563
75% Corpus,5,0.01,0.01,0.5022468702571856
75% Corpus,5,0.01,0.31,0.47445542760956466
75% Corpus,5,0.01,0.61,0.47293792681403224
75% Corpus,5,0.01,0.9099999999999999,0.45560873945193753
75% Corpus,5,0.01,symmetric,0.48963529180550386
75% Corpus,5,0.31,0.01,0.4726534524874181
75% Corpus,5,0.31,0.31,0.5739418312806672
75% Corpus,5,0.31,0.61,0.5209250643360835
75% Corpus,5,0.31,0.9099999999999999,0.5776627071695003
75% Corpus,5,0.31,symmetric,0.5748839702942693
75% Corpus,5,0.61,0.01,0.5104059123785507
75% Corpus,5,0.61,0.31,0.5329810322330714
75% Corpus,5,0.61,0.61,0.5383264183318043
75% Corpus,5,0.61,0.9099999999999999,0.5211684791349936
75% Corpus,5,0.61,symmetric,0.5357414480183978
75% Corpus,5,0.9099999999999999,0.01,0.5133983637794839
75% Corpus,5,0.9099999999999999,0.31,0.5336885028389122
75% Corpus,5,0.9099999999999999,0.61,0.5128318664015972
75% Corpus,5,0.9099999999999999,0.9099999999999999,0.5042877734804954
75% Corpus,5,0.9099999999999999,symmetric,0.5263928887670113
75% Corpus,5,symmetric,0.01,0.4920922045566286
75% Corpus,5,symmetric,0.31,0.5758175868844597
75% Corpus,5,symmetric,0.61,0.5259711819783921
75% Corpus,5,symmetric,0.9099999999999999,0.4677117031811897
75% Corpus,5,symmetric,symmetric,0.5680098420020617
75% Corpus,5,asymmetric,0.01,0.5332849269515779
75% Corpus,5,asymmetric,0.31,0.5147817953891703
75% Corpus,5,asymmetric,0.61,0.5296182262809499
75% Corpus,5,asymmetric,0.9099999999999999,0.535356267271376
75% Corpus,5,asymmetric,symmetric,0.5544059963360088
75% Corpus,6,0.01,0.01,0.488287516694389
75% Corpus,6,0.01,0.31,0.5080674144684115
75% Corpus,6,0.01,0.61,0.4697013641535439
75% Corpus,6,0.01,0.9099999999999999,0.4571761001841305
75% Corpus,6,0.01,symmetric,0.5190779783188635
75% Corpus,6,0.31,0.01,0.48785797973603423
75% Corpus,6,0.31,0.31,0.5620657534818677
75% Corpus,6,0.31,0.61,0.4663255713349002
75% Corpus,6,0.31,0.9099999999999999,0.4860282877540793
75% Corpus,6,0.31,symmetric,0.5518414986350403
75% Corpus,6,0.61,0.01,0.5053382191558681
75% Corpus,6,0.61,0.31,0.5559363032410146
75% Corpus,6,0.61,0.61,0.5365866692786256
75% Corpus,6,0.61,0.9099999999999999,0.48050118808321335
75% Corpus,6,0.61,symmetric,0.562315245105147
75% Corpus,6,0.9099999999999999,0.01,0.5022660722028518
75% Corpus,6,0.9099999999999999,0.31,0.537819164203266
75% Corpus,6,0.9099999999999999,0.61,0.5122347347179057
75% Corpus,6,0.9099999999999999,0.9099999999999999,0.507296463099171
75% Corpus,6,0.9099999999999999,symmetric,0.5361267647469674
75% Corpus,6,symmetric,0.01,0.4966919233209592
75% Corpus,6,symmetric,0.31,0.5180450003482696
75% Corpus,6,symmetric,0.61,0.44236596955806884
75% Corpus,6,symmetric,0.9099999999999999,0.5169544319197433
75% Corpus,6,symmetric,symmetric,0.5587296792474351
75% Corpus,6,asymmetric,0.01,0.469741131960524
75% Corpus,6,asymmetric,0.31,0.458694963328659
75% Corpus,6,asymmetric,0.61,0.5413592544903703
75% Corpus,6,asymmetric,0.9099999999999999,0.5216862167881327
75% Corpus,6,asymmetric,symmetric,0.5189952497169523
75% Corpus,7,0.01,0.01,0.4774851882206991
75% Corpus,7,0.01,0.31,0.44553478437818067
75% Corpus,7,0.01,0.61,0.47337701505718177
75% Corpus,7,0.01,0.9099999999999999,0.46274710434227806
75% Corpus,7,0.01,symmetric,0.4918974579449946
75% Corpus,7,0.31,0.01,0.48080024148813844
75% Corpus,7,0.31,0.31,0.5011999525253313
75% Corpus,7,0.31,0.61,0.46098824173512837
75% Corpus,7,0.31,0.9099999999999999,0.5135525751186086
75% Corpus,7,0.31,symmetric,0.4966000404145529
75% Corpus,7,0.61,0.01,0.49501072586189426
75% Corpus,7,0.61,0.31,0.5221757317386821
75% Corpus,7,0.61,0.61,0.4973983337119172
75% Corpus,7,0.61,0.9099999999999999,0.47046738729418675
75% Corpus,7,0.61,symmetric,0.5210427070605874
75% Corpus,7,0.9099999999999999,0.01,0.5047376657872944
75% Corpus,7,0.9099999999999999,0.31,0.5242384124908296
75% Corpus,7,0.9099999999999999,0.61,0.5103147876825024
75% Corpus,7,0.9099999999999999,0.9099999999999999,0.5040001014754615
75% Corpus,7,0.9099999999999999,symmetric,0.5081180433539239
75% Corpus,7,symmetric,0.01,0.47118248610527896
75% Corpus,7,symmetric,0.31,0.49230188866101837
75% Corpus,7,symmetric,0.61,0.48690106461426924
75% Corpus,7,symmetric,0.9099999999999999,0.5126950845399004
75% Corpus,7,symmetric,symmetric,0.5115646358435754
75% Corpus,7,asymmetric,0.01,0.46364860700426774
75% Corpus,7,asymmetric,0.31,0.4930048250160653
75% Corpus,7,asymmetric,0.61,0.5810822598785844
75% Corpus,7,asymmetric,0.9099999999999999,0.47002906806528555
75% Corpus,7,asymmetric,symmetric,0.48648577967274403
75% Corpus,8,0.01,0.01,0.48114940790723487
75% Corpus,8,0.01,0.31,0.40998229081901605
75% Corpus,8,0.01,0.61,0.4420726539725931
75% Corpus,8,0.01,0.9099999999999999,0.5077010192674423
75% Corpus,8,0.01,symmetric,0.5228801357799717
75% Corpus,8,0.31,0.01,0.48107491653632706
75% Corpus,8,0.31,0.31,0.5171984833441219
75% Corpus,8,0.31,0.61,0.4667859954663028
75% Corpus,8,0.31,0.9099999999999999,0.4998800303596936
75% Corpus,8,0.31,symmetric,0.5155979965637758
75% Corpus,8,0.61,0.01,0.4809414087292844
75% Corpus,8,0.61,0.31,0.503267006077165
75% Corpus,8,0.61,0.61,0.4980077013470698
75% Corpus,8,0.61,0.9099999999999999,0.48381182473372825
75% Corpus,8,0.61,symmetric,0.4956962767970372
75% Corpus,8,0.9099999999999999,0.01,0.45136585812286023
75% Corpus,8,0.9099999999999999,0.31,0.5030657599299603
75% Corpus,8,0.9099999999999999,0.61,0.48062633593101217
75% Corpus,8,0.9099999999999999,0.9099999999999999,0.46417083377420587
75% Corpus,8,0.9099999999999999,symmetric,0.49753242678666365
75% Corpus,8,symmetric,0.01,0.477008990587752
75% Corpus,8,symmetric,0.31,0.44023551030473423
75% Corpus,8,symmetric,0.61,0.5086879714131132
75% Corpus,8,symmetric,0.9099999999999999,0.45440204972106096
75% Corpus,8,symmetric,symmetric,0.5082648053628038
75% Corpus,8,asymmetric,0.01,0.45902204262668056
75% Corpus,8,asymmetric,0.31,0.48251795216547216
75% Corpus,8,asymmetric,0.61,0.5683074702024484
75% Corpus,8,asymmetric,0.9099999999999999,0.45892015083837123
75% Corpus,8,asymmetric,symmetric,0.4784620107417075
75% Corpus,9,0.01,0.01,0.4816125982201276
75% Corpus,9,0.01,0.31,0.42117056445455864
75% Corpus,9,0.01,0.61,0.46292248710894796
75% Corpus,9,0.01,0.9099999999999999,0.5113256892116961
75% Corpus,9,0.01,symmetric,0.49127525145419465
75% Corpus,9,0.31,0.01,0.4780555409990171
75% Corpus,9,0.31,0.31,0.4441361025816767
75% Corpus,9,0.31,0.61,0.4606021014691952
75% Corpus,9,0.31,0.9099999999999999,0.5045768116408964
75% Corpus,9,0.31,symmetric,0.47386576028489924
75% Corpus,9,0.61,0.01,0.45263171563367854
75% Corpus,9,0.61,0.31,0.4988539560818092
75% Corpus,9,0.61,0.61,0.4491594803634846
75% Corpus,9,0.61,0.9099999999999999,0.415728120251115
75% Corpus,9,0.61,symmetric,0.5036018039647523
75% Corpus,9,0.9099999999999999,0.01,0.4242190947403783
75% Corpus,9,0.9099999999999999,0.31,0.49427598044770893
75% Corpus,9,0.9099999999999999,0.61,0.4852721443063655
75% Corpus,9,0.9099999999999999,0.9099999999999999,0.46875369790792704
75% Corpus,9,0.9099999999999999,symmetric,0.5023456449302537
75% Corpus,9,symmetric,0.01,0.4806843948346428
75% Corpus,9,symmetric,0.31,0.422489012162163
75% Corpus,9,symmetric,0.61,0.47025630943803903
75% Corpus,9,symmetric,0.9099999999999999,0.4810784050066597
75% Corpus,9,symmetric,symmetric,0.4820569514900552
75% Corpus,9,asymmetric,0.01,0.4705399783600382
75% Corpus,9,asymmetric,0.31,0.4416717028788713
75% Corpus,9,asymmetric,0.61,0.5460526721788611
75% Corpus,9,asymmetric,0.9099999999999999,0.4473038868115803
75% Corpus,9,asymmetric,symmetric,0.49756925429316634
75% Corpus,10,0.01,0.01,0.43588075471647547
75% Corpus,10,0.01,0.31,0.45413300071473406
75% Corpus,10,0.01,0.61,0.4601506631858478
75% Corpus,10,0.01,0.9099999999999999,0.4520934389919759
75% Corpus,10,0.01,symmetric,0.45861924173512075
75% Corpus,10,0.31,0.01,0.4294845609297675
75% Corpus,10,0.31,0.31,0.4270841537781611
75% Corpus,10,0.31,0.61,0.4539591063343151
75% Corpus,10,0.31,0.9099999999999999,0.5120850181062976
75% Corpus,10,0.31,symmetric,0.44233786482508747
75% Corpus,10,0.61,0.01,0.42371996460804884
75% Corpus,10,0.61,0.31,0.4991965610723027
75% Corpus,10,0.61,0.61,0.464529242986328
75% Corpus,10,0.61,0.9099999999999999,0.411695066085663
75% Corpus,10,0.61,symmetric,0.49655268637184224
75% Corpus,10,0.9099999999999999,0.01,0.4500808070743164
75% Corpus,10,0.9099999999999999,0.31,0.486687514821745
75% Corpus,10,0.9099999999999999,0.61,0.46557139010643506
75% Corpus,10,0.9099999999999999,0.9099999999999999,0.4781883587766894
75% Corpus,10,0.9099999999999999,symmetric,0.49557302489953264
75% Corpus,10,symmetric,0.01,0.4583756871734802
75% Corpus,10,symmetric,0.31,0.4646299984601393
75% Corpus,10,symmetric,0.61,0.5211143466476222
75% Corpus,10,symmetric,0.9099999999999999,0.438017518052253
75% Corpus,10,symmetric,symmetric,0.4673563815688004
75% Corpus,10,asymmetric,0.01,0.4782772939532026
75% Corpus,10,asymmetric,0.31,0.48555705823206363
75% Corpus,10,asymmetric,0.61,0.5159274007286869
75% Corpus,10,asymmetric,0.9099999999999999,0.46281186290091936
75% Corpus,10,asymmetric,symmetric,0.44518249837649726
100% Corpus,2,0.01,0.01,0.5774153440559269
100% Corpus,2,0.01,0.31,0.5317704925690028
100% Corpus,2,0.01,0.61,0.5317398541515845
100% Corpus,2,0.01,0.9099999999999999,0.5317704925690028
100% Corpus,2,0.01,symmetric,0.5317398541515845
100% Corpus,2,0.31,0.01,0.5576027296829641
100% Corpus,2,0.31,0.31,0.5779488744670527
100% Corpus,2,0.31,0.61,0.5824594105373979
100% Corpus,2,0.31,0.9099999999999999,0.5824594105373978
100% Corpus,2,0.31,symmetric,0.5824594105373978
100% Corpus,2,0.61,0.01,0.5155029020546484
100% Corpus,2,0.61,0.31,0.5736161418392923
100% Corpus,2,0.61,0.61,0.5736161418392923
100% Corpus,2,0.61,0.9099999999999999,0.5736161418392923
100% Corpus,2,0.61,symmetric,0.5736161418392923
100% Corpus,2,0.9099999999999999,0.01,0.5350623883668082
100% Corpus,2,0.9099999999999999,0.31,0.5646637383158096
100% Corpus,2,0.9099999999999999,0.61,0.5571967759256171
100% Corpus,2,0.9099999999999999,0.9099999999999999,0.5736161418392923
100% Corpus,2,0.9099999999999999,symmetric,0.5571967759256171
100% Corpus,2,symmetric,0.01,0.5369465659864665
100% Corpus,2,symmetric,0.31,0.5736161418392923
100% Corpus,2,symmetric,0.61,0.5667132901335661
100% Corpus,2,symmetric,0.9099999999999999,0.5667132901335661
100% Corpus,2,symmetric,symmetric,0.5667132901335661
100% Corpus,2,asymmetric,0.01,0.5814961937924654
100% Corpus,2,asymmetric,0.31,0.5861684892321847
100% Corpus,2,asymmetric,0.61,0.5896861205807783
100% Corpus,2,asymmetric,0.9099999999999999,0.5896861205807783
100% Corpus,2,asymmetric,symmetric,0.5861684892321847
100% Corpus,3,0.01,0.01,0.5499187497020069
100% Corpus,3,0.01,0.31,0.5060734365501217
100% Corpus,3,0.01,0.61,0.523297411767158
100% Corpus,3,0.01,0.9099999999999999,0.5181967945204876
100% Corpus,3,0.01,symmetric,0.5183005675747095
100% Corpus,3,0.31,0.01,0.576003258625504
100% Corpus,3,0.31,0.31,0.5581137874624372
100% Corpus,3,0.31,0.61,0.5408625167257982
100% Corpus,3,0.31,0.9099999999999999,0.5406392409344795
100% Corpus,3,0.31,symmetric,0.5526645159071584
100% Corpus,3,0.61,0.01,0.511097209732243
100% Corpus,3,0.61,0.31,0.5986218484690361
100% Corpus,3,0.61,0.61,0.5835095965325635
100% Corpus,3,0.61,0.9099999999999999,0.5779654268186832
100% Corpus,3,0.61,symmetric,0.5986218484690361
100% Corpus,3,0.9099999999999999,0.01,0.5367422322532929
100% Corpus,3,0.9099999999999999,0.31,0.5929493814741048
100% Corpus,3,0.9099999999999999,0.61,0.5955205620048482
100% Corpus,3,0.9099999999999999,0.9099999999999999,0.5936574353370413
100% Corpus,3,0.9099999999999999,symmetric,0.5929493814741048
100% Corpus,3,symmetric,0.01,0.5695490280772099
100% Corpus,3,symmetric,0.31,0.5581137874624372
100% Corpus,3,symmetric,0.61,0.5408625167257982
100% Corpus,3,symmetric,0.9099999999999999,0.5406392409344796
100% Corpus,3,symmetric,symmetric,0.5581137874624372
100% Corpus,3,asymmetric,0.01,0.6446340962846587
100% Corpus,3,asymmetric,0.31,0.6467982779136916
100% Corpus,3,asymmetric,0.61,0.6426179350645745
100% Corpus,3,asymmetric,0.9099999999999999,0.639664922233987
100% Corpus,3,asymmetric,symmetric,0.6459238803639067
100% Corpus,4,0.01,0.01,0.5530772283022455
100% Corpus,4,0.01,0.31,0.5473590264781248
100% Corpus,4,0.01,0.61,0.5060871354290698
100% Corpus,4,0.01,0.9099999999999999,0.46113632603558996
100% Corpus,4,0.01,symmetric,0.5553152957224843
100% Corpus,4,0.31,0.01,0.5029705370585443
100% Corpus,4,0.31,0.31,0.5594472932572315
100% Corpus,4,0.31,0.61,0.5512450386509771
100% Corpus,4,0.31,0.9099999999999999,0.5179603105733559
100% Corpus,4,0.31,symmetric,0.5794991846365818
100% Corpus,4,0.61,0.01,0.4845435074491907
100% Corpus,4,0.61,0.31,0.5734040098841988
100% Corpus,4,0.61,0.61,0.5668454580636371
100% Corpus,4,0.61,0.9099999999999999,0.5738450892868056
100% Corpus,4,0.61,symmetric,0.5796411261511389
100% Corpus,4,0.9099999999999999,0.01,0.5737116949081296
100% Corpus,4,0.9099999999999999,0.31,0.5933185992522598
100% Corpus,4,0.9099999999999999,0.61,0.5874412016538296
100% Corpus,4,0.9099999999999999,0.9099999999999999,0.589813918077613
100% Corpus,4,0.9099999999999999,symmetric,0.5945604315165154
100% Corpus,4,symmetric,0.01,0.5296846662264056
100% Corpus,4,symmetric,0.31,0.5534493113380862
100% Corpus,4,symmetric,0.61,0.5037020092602493
100% Corpus,4,symmetric,0.9099999999999999,0.5035118296402019
100% Corpus,4,symmetric,symmetric,0.5576692829267069
100% Corpus,4,asymmetric,0.01,0.58906889925813
100% Corpus,4,asymmetric,0.31,0.550751849602192
100% Corpus,4,asymmetric,0.61,0.593217115915293
100% Corpus,4,asymmetric,0.9099999999999999,0.5218587034471405
100% Corpus,4,asymmetric,symmetric,0.5509297744610416
100% Corpus,5,0.01,0.01,0.46699728681015146
100% Corpus,5,0.01,0.31,0.5058137220841276
100% Corpus,5,0.01,0.61,0.5232625976592564
100% Corpus,5,0.01,0.9099999999999999,0.48656996490841076
100% Corpus,5,0.01,symmetric,0.5236029458454483
100% Corpus,5,0.31,0.01,0.5112300487570953
100% Corpus,5,0.31,0.31,0.582575361635673
100% Corpus,5,0.31,0.61,0.5757270550261742
100% Corpus,5,0.31,0.9099999999999999,0.5892825222339557
100% Corpus,5,0.31,symmetric,0.6004090763362586
100% Corpus,5,0.61,0.01,0.5361814654417716
100% Corpus,5,0.61,0.31,0.5569387166742702
100% Corpus,5,0.61,0.61,0.5438808001347039
100% Corpus,5,0.61,0.9099999999999999,0.5468992646601827
100% Corpus,5,0.61,symmetric,0.5583377992710236
100% Corpus,5,0.9099999999999999,0.01,0.524299555539298
100% Corpus,5,0.9099999999999999,0.31,0.5478028483924189
100% Corpus,5,0.9099999999999999,0.61,0.5456275905436296
100% Corpus,5,0.9099999999999999,0.9099999999999999,0.534183987829621
100% Corpus,5,0.9099999999999999,symmetric,0.5493950759213595
100% Corpus,5,symmetric,0.01,0.5025529740491794
100% Corpus,5,symmetric,0.31,0.5771271602851159
100% Corpus,5,symmetric,0.61,0.5704392908344962
100% Corpus,5,symmetric,0.9099999999999999,0.5048284736299957
100% Corpus,5,symmetric,symmetric,0.5984233082159728
100% Corpus,5,asymmetric,0.01,0.5474187311881822
100% Corpus,5,asymmetric,0.31,0.5380803005555939
100% Corpus,5,asymmetric,0.61,0.487386699529318
100% Corpus,5,asymmetric,0.9099999999999999,0.45355471441620887
100% Corpus,5,asymmetric,symmetric,0.5805498747763226
100% Corpus,6,0.01,0.01,0.5158283552392836
100% Corpus,6,0.01,0.31,0.49120529397711876
100% Corpus,6,0.01,0.61,0.489205525883509
100% Corpus,6,0.01,0.9099999999999999,0.4631862140691457
100% Corpus,6,0.01,symmetric,0.5304656518015879
100% Corpus,6,0.31,0.01,0.5027481398655939
100% Corpus,6,0.31,0.31,0.5883419764871887
100% Corpus,6,0.31,0.61,0.5561648863138704
100% Corpus,6,0.31,0.9099999999999999,0.42735002479335443
100% Corpus,6,0.31,symmetric,0.5857363896168363
100% Corpus,6,0.61,0.01,0.5132905554012114
100% Corpus,6,0.61,0.31,0.5656881872525652
100% Corpus,6,0.61,0.61,0.5666029941227605
100% Corpus,6,0.61,0.9099999999999999,0.5637405857003164
100% Corpus,6,0.61,symmetric,0.5718019799786112
100% Corpus,6,0.9099999999999999,0.01,0.49942551758465054
100% Corpus,6,0.9099999999999999,0.31,0.5725106716466429
100% Corpus,6,0.9099999999999999,0.61,0.5594623986156521
100% Corpus,6,0.9099999999999999,0.9099999999999999,0.5359205884211331
100% Corpus,6,0.9099999999999999,symmetric,0.562476954818913
100% Corpus,6,symmetric,0.01,0.5327054962905335
100% Corpus,6,symmetric,0.31,0.5722391340666074
100% Corpus,6,symmetric,0.61,0.5252819500408957
100% Corpus,6,symmetric,0.9099999999999999,0.4695598983188749
100% Corpus,6,symmetric,symmetric,0.5645814110888216
100% Corpus,6,asymmetric,0.01,0.4848944825723715
100% Corpus,6,asymmetric,0.31,0.524721647890927
100% Corpus,6,asymmetric,0.61,0.518032412979469
100% Corpus,6,asymmetric,0.9099999999999999,0.4713404734121797
100% Corpus,6,asymmetric,symmetric,0.533693789558396
100% Corpus,7,0.01,0.01,0.5041654032433824
100% Corpus,7,0.01,0.31,0.46644104986939666
100% Corpus,7,0.01,0.61,0.4418836539204486
100% Corpus,7,0.01,0.9099999999999999,0.5115261627127039
100% Corpus,7,0.01,symmetric,0.5151780848928335
100% Corpus,7,0.31,0.01,0.49019752348317397
100% Corpus,7,0.31,0.31,0.5373702596064691
100% Corpus,7,0.31,0.61,0.44202706831299104
100% Corpus,7,0.31,0.9099999999999999,0.4505914297113275
100% Corpus,7,0.31,symmetric,0.5510972751002251
100% Corpus,7,0.61,0.01,0.5185188352914897
100% Corpus,7,0.61,0.31,0.5596955760762229
100% Corpus,7,0.61,0.61,0.5611982250409817
100% Corpus,7,0.61,0.9099999999999999,0.5214002587086589
100% Corpus,7,0.61,symmetric,0.5564846280916588
100% Corpus,7,0.9099999999999999,0.01,0.5177719075139927
100% Corpus,7,0.9099999999999999,0.31,0.5603559120871412
100% Corpus,7,0.9099999999999999,0.61,0.5554236105681307
100% Corpus,7,0.9099999999999999,0.9099999999999999,0.5550839960424916
100% Corpus,7,0.9099999999999999,symmetric,0.5376454688607673
100% Corpus,7,symmetric,0.01,0.4959371427548272
100% Corpus,7,symmetric,0.31,0.5216742218037435
100% Corpus,7,symmetric,0.61,0.44148915265619226
100% Corpus,7,symmetric,0.9099999999999999,0.4784848585378154
100% Corpus,7,symmetric,symmetric,0.5346333242157049
100% Corpus,7,asymmetric,0.01,0.47234403917085294
100% Corpus,7,asymmetric,0.31,0.45907531666609674
100% Corpus,7,asymmetric,0.61,0.5151763461515972
100% Corpus,7,asymmetric,0.9099999999999999,0.5148574648660643
100% Corpus,7,asymmetric,symmetric,0.5008478293052413
100% Corpus,8,0.01,0.01,0.5124931878316556
100% Corpus,8,0.01,0.31,0.418872268115394
100% Corpus,8,0.01,0.61,0.46681671795833013
100% Corpus,8,0.01,0.9099999999999999,0.499471854897092
100% Corpus,8,0.01,symmetric,0.543336853034575
100% Corpus,8,0.31,0.01,0.4937245492679882
100% Corpus,8,0.31,0.31,0.49716829315671907
100% Corpus,8,0.31,0.61,0.46828992175808515
100% Corpus,8,0.31,0.9099999999999999,0.41529927705174663
100% Corpus,8,0.31,symmetric,0.5304814737371217
100% Corpus,8,0.61,0.01,0.49182293651129944
100% Corpus,8,0.61,0.31,0.5211429124391955
100% Corpus,8,0.61,0.61,0.5282273451902367
100% Corpus,8,0.61,0.9099999999999999,0.5066750672152371
100% Corpus,8,0.61,symmetric,0.5213857854750898
100% Corpus,8,0.9099999999999999,0.01,0.4595797141570295
100% Corpus,8,0.9099999999999999,0.31,0.5276978839295113
100% Corpus,8,0.9099999999999999,0.61,0.5184580764530613
100% Corpus,8,0.9099999999999999,0.9099999999999999,0.5275339967918585
100% Corpus,8,0.9099999999999999,symmetric,0.5203025081874251
100% Corpus,8,symmetric,0.01,0.48111758806211824
100% Corpus,8,symmetric,0.31,0.5019756618248127
100% Corpus,8,symmetric,0.61,0.42473495011344736
100% Corpus,8,symmetric,0.9099999999999999,0.4878366344546937
100% Corpus,8,symmetric,symmetric,0.5391430592619972
100% Corpus,8,asymmetric,0.01,0.48249530241316396
100% Corpus,8,asymmetric,0.31,0.4379576304907951
100% Corpus,8,asymmetric,0.61,0.5387272916724375
100% Corpus,8,asymmetric,0.9099999999999999,0.5597417882033877
100% Corpus,8,asymmetric,symmetric,0.5007458603300929
100% Corpus,9,0.01,0.01,0.46967718289577426
100% Corpus,9,0.01,0.31,0.47753891768427437
100% Corpus,9,0.01,0.61,0.4980124785411885
100% Corpus,9,0.01,0.9099999999999999,0.485676928662007
100% Corpus,9,0.01,symmetric,0.5119372514828026
100% Corpus,9,0.31,0.01,0.4770734510823813
100% Corpus,9,0.31,0.31,0.4937051113179196
100% Corpus,9,0.31,0.61,0.43946313403469417
100% Corpus,9,0.31,0.9099999999999999,0.5091000184765619
100% Corpus,9,0.31,symmetric,0.5091499547858558
100% Corpus,9,0.61,0.01,0.4608591862625725
100% Corpus,9,0.61,0.31,0.5097692170854322
100% Corpus,9,0.61,0.61,0.49140228148066634
100% Corpus,9,0.61,0.9099999999999999,0.4560370721565512
100% Corpus,9,0.61,symmetric,0.5216586559260785
100% Corpus,9,0.9099999999999999,0.01,0.46167759969578664
100% Corpus,9,0.9099999999999999,0.31,0.5216538132250661
100% Corpus,9,0.9099999999999999,0.61,0.514899906116626
100% Corpus,9,0.9099999999999999,0.9099999999999999,0.4915444807310227
100% Corpus,9,0.9099999999999999,symmetric,0.5148341058865341
100% Corpus,9,symmetric,0.01,0.49891895922599594
100% Corpus,9,symmetric,0.31,0.45940433688978377
100% Corpus,9,symmetric,0.61,0.44931253573203667
100% Corpus,9,symmetric,0.9099999999999999,0.4921127555410434
100% Corpus,9,symmetric,symmetric,0.5024030427491099
100% Corpus,9,asymmetric,0.01,0.480347216324787
100% Corpus,9,asymmetric,0.31,0.4468525355415374
100% Corpus,9,asymmetric,0.61,0.524878022674376
100% Corpus,9,asymmetric,0.9099999999999999,0.538957332178571
100% Corpus,9,asymmetric,symmetric,0.4964717049651422
100% Corpus,10,0.01,0.01,0.46406298861200523
100% Corpus,10,0.01,0.31,0.4700695653679343
100% Corpus,10,0.01,0.61,0.4796808967108303
100% Corpus,10,0.01,0.9099999999999999,0.44401984543770634
100% Corpus,10,0.01,symmetric,0.4843916710060768
100% Corpus,10,0.31,0.01,0.4273721536682215
100% Corpus,10,0.31,0.31,0.45170765593640194
100% Corpus,10,0.31,0.61,0.4803295099558763
100% Corpus,10,0.31,0.9099999999999999,0.4943002099844155
100% Corpus,10,0.31,symmetric,0.43984477389312293
100% Corpus,10,0.61,0.01,0.45254137780039194
100% Corpus,10,0.61,0.31,0.5093947619026113
100% Corpus,10,0.61,0.61,0.4927711640778626
100% Corpus,10,0.61,0.9099999999999999,0.46288432077087266
100% Corpus,10,0.61,symmetric,0.5065144867085862
100% Corpus,10,0.9099999999999999,0.01,0.47690971565276874
100% Corpus,10,0.9099999999999999,0.31,0.49040890398397385
100% Corpus,10,0.9099999999999999,0.61,0.5038879378712411
100% Corpus,10,0.9099999999999999,0.9099999999999999,0.48632990036239737
100% Corpus,10,0.9099999999999999,symmetric,0.5038649580544202
100% Corpus,10,symmetric,0.01,0.4504725559112056
100% Corpus,10,symmetric,0.31,0.4926507835322657
100% Corpus,10,symmetric,0.61,0.45963664892038614
100% Corpus,10,symmetric,0.9099999999999999,0.5115382584079173
100% Corpus,10,symmetric,symmetric,0.46885543684334774
100% Corpus,10,asymmetric,0.01,0.49345663366705744
100% Corpus,10,asymmetric,0.31,0.47211960587201107
100% Corpus,10,asymmetric,0.61,0.5197666848033732
100% Corpus,10,asymmetric,0.9099999999999999,0.5193810408751004
100% Corpus,10,asymmetric,symmetric,0.4675783312445467
